instance_id,baseline_completed_at,baseline_model_calls,baseline_total_tokens,baseline_budget_sha256,baseline_p0_patch_sha256,baseline_final_patch_sha256,baseline_terminal_status,method_model_calls,method_total_tokens,method_budget_sha256,method_p0_patch_sha256,method_final_patch_sha256,method_terminal_status
astropy__astropy-7746,2026-09-20T07:16:54.687427+00:00,35,608567,a9b44075261fe5bae005c1705b2b4e54c6d0d362201ecbe136a6ad6306f15a08,6c08b8138c91eed53b5f057abc66aaf1888bfd1a39fbea53b1c362107f3ab7e1,6c08b8138c91eed53b5f057abc66aaf1888bfd1a39fbea53b1c362107f3ab7e1,EVIDENCE_LIMITED,29,467648,94a6266b72af1842b44c4ab9ab74a93e1ef16d2aa92a6a04c5037b6280b7c4ab,6c08b8138c91eed53b5f057abc66aaf1888bfd1a39fbea53b1c362107f3ab7e1,6c08b8138c91eed53b5f057abc66aaf1888bfd1a39fbea53b1c362107f3ab7e1,EVIDENCE_LIMITED
astropy__astropy-14182,2026-09-20T07:33:00.087464+00:00,36,681669,da5c7fc331fd9515721a368922f62319157970a9ee203643685401ad94dd71c7,e3e7ed32eb8fcdbdcdc35aa82bc4429c9da4c6dcd98dffe0a575b303fd3677bc,e3e7ed32eb8fcdbdcdc35aa82bc4429c9da4c6dcd98dffe0a575b303fd3677bc,EVIDENCE_LIMITED,34,607449,9ff03c6562a90c98ed897659aaff08d36afe9c2051f4601fb94d21ce5790315f,9a91c54f3a0f2fd2882a1d5075470d7eeaaef95fb533830a71dbd9bbf4769b13,9a91c54f3a0f2fd2882a1d5075470d7eeaaef95fb533830a71dbd9bbf4769b13,BEST_EFFORT_BUDGET_EXHAUSTED
django__django-10924,2026-09-20T07:34:37.680601+00:00,16,234987,a1ec17a2920e5b94cb503c4d78534717fb97c2340dffcb4a6ac4464f23cf0471,0e9ee103a2619157df40fbe994e3f4823303dcde70919383a74e5ae5506f860e,0e9ee103a2619157df40fbe994e3f4823303dcde70919383a74e5ae5506f860e,BEST_EFFORT_BUDGET_EXHAUSTED,10,139283,f97123f46c2e8e5e1842661bebdbedb0f8b5b4f282fc020c3332f37f7b75063c,0e9ee103a2619157df40fbe994e3f4823303dcde70919383a74e5ae5506f860e,0e9ee103a2619157df40fbe994e3f4823303dcde70919383a74e5ae5506f860e,BEST_EFFORT_BUDGET_EXHAUSTED
django__django-11019,2026-09-20T07:40:43.910181+00:00,16,260902,93e987f590633f3cdba79b71f5b87f0559b1eb4a4da15f62ef051f0df3e9979f,4dc5784ce8cd95cdd34469cfc846b61df4cc459726320ffff9679852b80179f4,4dc5784ce8cd95cdd34469cfc846b61df4cc459726320ffff9679852b80179f4,BEST_EFFORT_BUDGET_EXHAUSTED,7,62085,4520ac5ab34c47e7caf9c8d6ffc2485f12fdd5efac7d0f44f2b53e5c4555c307,49e25cd2aac0daf1aa862cd7e80340c5a473e310900f51345cae5f3f2618c589,49e25cd2aac0daf1aa862cd7e80340c5a473e310900f51345cae5f3f2618c589,EVIDENCE_LIMITED
django__django-11564,2026-09-20T07:53:41.411420+00:00,18,144180,4dfc63bb6f780d16df220cb302cdb0f20a076dda4c710eee844f00186ab15dc4,94c6c663bfc2294a9b3cd3680eaa4af398be736bebaa4519cf265f18f7ec1c58,94c6c663bfc2294a9b3cd3680eaa4af398be736bebaa4519cf265f18f7ec1c58,EVIDENCE_LIMITED,19,173553,76fb34766cfaaca42be89a98a6f061ca6a70a29382cf37c3641fc9b5e4254358,b824be31b64e0dfa107be2802c36f7dcf02f8368f546347d4934fc9887110ec4,b824be31b64e0dfa107be2802c36f7dcf02f8368f546347d4934fc9887110ec4,EVIDENCE_LIMITED
django__django-12308,2026-09-20T07:59:05.547572+00:00,40,548178,23d050679d825b17f3fa878691a1999de712f9bbd6b9e2f923f7723da88fddcd,75a69e5a7d711275f2d938d1e02060c2051abbed4a0b240a246e45ccd0764bbd,75a69e5a7d711275f2d938d1e02060c2051abbed4a0b240a246e45ccd0764bbd,EVIDENCE_LIMITED,11,47560,06b7b58cabb229d1cef66bf8e4088c8addfb83fbfe47420503d2e215b43378a8,90a26f585b726b9381d471957a1ace2435143d43d689885d51cfb568adb27ff3,90a26f585b726b9381d471957a1ace2435143d43d689885d51cfb568adb27ff3,BEST_EFFORT_BUDGET_EXHAUSTED
django__django-11742,2026-09-20T08:07:41.889655+00:00,24,226899,ae137959155ec10fa7604753130256e6b7e01f5e4b35868497292e2dae4de92c,98e3cf9eb048a30e0a85060006d1dbd47e987b5feca734df5b78a34f102c57aa,6d3a0bb1b54b5cb59b41a6e2886039ffe94675fb6032aa5c159585cfc4b8bb57,REACHED,12,75627,d0b86b6dc69e531386b7b43bb3c79685cc661de0d1a15b19354e831a43355f22,f15e5f4585d2b4e5517c78ee9c66fc3017bf8a852d6834a5c110c97aa5213fda,f15e5f4585d2b4e5517c78ee9c66fc3017bf8a852d6834a5c110c97aa5213fda,BEST_EFFORT_BUDGET_EXHAUSTED
django__django-11905,2026-09-20T08:09:37.210135+00:00,32,634552,634d2960d779cf8f9d3a5593e8f7d1c8c2ff39f50cb4020989c60377e1bd9fe5,c0e34d0e36e078fb74af85c8c72920841827f72aae31b09a1f9e041d41960700,c0e34d0e36e078fb74af85c8c72920841827f72aae31b09a1f9e041d41960700,BEST_EFFORT_BUDGET_EXHAUSTED,26,606735,83dc071cbc18f52092fa74d90f97431f265b1791d417c671386677a92dea20d4,c0e34d0e36e078fb74af85c8c72920841827f72aae31b09a1f9e041d41960700,c0e34d0e36e078fb74af85c8c72920841827f72aae31b09a1f9e041d41960700,BEST_EFFORT_BUDGET_EXHAUSTED
django__django-12747,2026-09-20T08:18:38.854356+00:00,19,234229,cb2f6c2815d51669cab0108023c6daf9c5859d06f8ee437bba976642031c8dc4,d65d3f3729fbd685037f97952472dc8b4d10892cec901bc9ea1154a0495ea3a7,d65d3f3729fbd685037f97952472dc8b4d10892cec901bc9ea1154a0495ea3a7,EVIDENCE_LIMITED,29,513917,ba916b80498077ca1aa32be3857b2c6096492003c00610fa12ddd449bbef4b9e,b2b731e8d37101d1e3bd8f6d5acd856efcb2889d50664242bcf0e733c4f13954,b2b731e8d37101d1e3bd8f6d5acd856efcb2889d50664242bcf0e733c4f13954,EVIDENCE_LIMITED
django__django-13220,2026-09-20T08:28:18.571592+00:00,14,163366,2a175e946c458da798d35ff5fd4a601da536659fde0609fcd261b8bd1e24f0d3,56efa05c3ffb8649914ce4f40106a8e40d8730cc139c775e86f6da012a24cea8,56efa05c3ffb8649914ce4f40106a8e40d8730cc139c775e86f6da012a24cea8,EVIDENCE_LIMITED,10,115047,621bfb9f88c3f709a74e1f33c906ba33403d895081b356ec418a22b5397e9a03,56efa05c3ffb8649914ce4f40106a8e40d8730cc139c775e86f6da012a24cea8,56efa05c3ffb8649914ce4f40106a8e40d8730cc139c775e86f6da012a24cea8,EVIDENCE_LIMITED
django__django-13321,2026-09-20T08:38:19.734012+00:00,11,147575,e5ed3d1745c6e36814fb2659d5ecb7cfd7ada7bb51c844cc17b4d02e3536afcb,acb905a72ae354581478d9ef0c3790ac148fb07895b776854a9d956a1df63a4d,acb905a72ae354581478d9ef0c3790ac148fb07895b776854a9d956a1df63a4d,EVIDENCE_LIMITED,9,115068,6d9d7a4f3bd96780c7afbb38155dfe9c4e41a514265bb693e3fa7febfbd0f544,360f3613d8a56a0c5040b2bf433a5440f2b0d42dfd706c590ce75f58bc211123,360f3613d8a56a0c5040b2bf433a5440f2b0d42dfd706c590ce75f58bc211123,EVIDENCE_LIMITED
django__django-13265,2026-09-20T08:42:02.560626+00:00,24,270131,dd74ed8eea7c2a155884d24346e470efcd82cf9e737ff512aed9bb0aa90fcebd,ee4cc80afc883ff02d6054a31ebbc173781b7185db0d9fb23b2b463aca3137ba,ee4cc80afc883ff02d6054a31ebbc173781b7185db0d9fb23b2b463aca3137ba,BEST_EFFORT_BUDGET_EXHAUSTED,18,207848,966d34b3bc091e6f3064306ad83031b6072c8c0290f771bde0679f57ea31b32f,634c0fe30d08f7cb33de67a8519e266ddc4875d382da514d72275ebf34d3b4a4,634c0fe30d08f7cb33de67a8519e266ddc4875d382da514d72275ebf34d3b4a4,BEST_EFFORT_BUDGET_EXHAUSTED
django__django-13448,2026-09-20T08:43:58.177002+00:00,14,148206,ce7711f8e8104eb9ff1296524c1f4dd05572cc7aee12893ca34555c897a619f4,b79660bd8c9d467330a4a7a80f6dd909142ec8a444ba4400892cf4b6ee668629,b79660bd8c9d467330a4a7a80f6dd909142ec8a444ba4400892cf4b6ee668629,GLOBAL_FRONTIER_EXHAUSTED,8,48622,a4207553d0e4a7ee58baf29e2de225a82726acc30493fa125c761c0e37159e42,61903e8854252c2b12da4963e7ae4ada32a6fdc0bc3b136673f6e25b6f6fc7d3,61903e8854252c2b12da4963e7ae4ada32a6fdc0bc3b136673f6e25b6f6fc7d3,GLOBAL_FRONTIER_EXHAUSTED
django__django-13768,2026-09-20T09:06:12.621366+00:00,12,95878,5dd24a8cad6e705bceca60b0cf0d7d98e2eced290673458590cb82ab21a81ddd,f9e9fb7de226b20f7a847fe9debde908c360ffaa670bd22c3868fb24d8807935,f9e9fb7de226b20f7a847fe9debde908c360ffaa670bd22c3868fb24d8807935,EVIDENCE_LIMITED,9,72462,5b7cd66f3c2bc03d9e82cd4ecb81c85c5c61fe88260a0e7832bce3874a87a440,f9e9fb7de226b20f7a847fe9debde908c360ffaa670bd22c3868fb24d8807935,f9e9fb7de226b20f7a847fe9debde908c360ffaa670bd22c3868fb24d8807935,EVIDENCE_LIMITED
django__django-13660,2026-09-20T09:06:17.941111+00:00,10,93493,e31ef96664f59412297ec81521274e45b66a0845efe17dc0f5bfbdd7597d343b,a37ce22ef9f124434d3fda6452920781c927a7d6fa89de5202045155b8f76cc1,a37ce22ef9f124434d3fda6452920781c927a7d6fa89de5202045155b8f76cc1,EVIDENCE_LIMITED,26,440649,f2bcdd6df0d5ddd3a48a4ca897e6b79285a6246cdd4e5a9cfb4de78850be089f,a37ce22ef9f124434d3fda6452920781c927a7d6fa89de5202045155b8f76cc1,a37ce22ef9f124434d3fda6452920781c927a7d6fa89de5202045155b8f76cc1,EVIDENCE_LIMITED
django__django-13964,2026-09-20T09:11:57.671349+00:00,16,184879,7223c53c3bb4a867c9f1fb0ea296b278a988269fff294cbc5aca77b8bed221ec,aa86f42c7c128b690b8bb893b73c2d33374d8cdb367efac81c6f5e0ac971b915,aa86f42c7c128b690b8bb893b73c2d33374d8cdb367efac81c6f5e0ac971b915,REACHED,19,204599,daeade9ae3d76963d90c9febf4da7822a7d2a04275981ca15d27e74b7e9a7c04,aa86f42c7c128b690b8bb893b73c2d33374d8cdb367efac81c6f5e0ac971b915,aa86f42c7c128b690b8bb893b73c2d33374d8cdb367efac81c6f5e0ac971b915,BEST_EFFORT_BUDGET_EXHAUSTED
django__django-14155,2026-09-20T09:13:57.222759+00:00,32,554338,0000dbfd48fba21cf77050bfb80e810174fb6b53e52d8c127d1a3327585cdee0,e2648df709444f163f9bb4bc487f828c63fc74fbcef071c33ecbb347744bb202,e2648df709444f163f9bb4bc487f828c63fc74fbcef071c33ecbb347744bb202,EVIDENCE_LIMITED,10,114855,6bd8b1f2dfac612cf0af4c2a31574d666cb0d39f6a708f1ddac3b29df0404848,e2648df709444f163f9bb4bc487f828c63fc74fbcef071c33ecbb347744bb202,e2648df709444f163f9bb4bc487f828c63fc74fbcef071c33ecbb347744bb202,EVIDENCE_LIMITED
django__django-14534,2026-09-20T09:32:18.927111+00:00,33,541555,8e6c9e3b20d08c4089f524ee75ac10c5eba33f85969c8f61b0814b7ba9fb0187,da989c9bf2abbd8cf32554de8a2424f16c13a18b7c292d7190a028ecdef0b2b7,da989c9bf2abbd8cf32554de8a2424f16c13a18b7c292d7190a028ecdef0b2b7,EVIDENCE_LIMITED,12,112656,e7ae40811c11794448c555d615e796af791c9bb7ef25584bdfd30bff03354cd3,da989c9bf2abbd8cf32554de8a2424f16c13a18b7c292d7190a028ecdef0b2b7,da989c9bf2abbd8cf32554de8a2424f16c13a18b7c292d7190a028ecdef0b2b7,EVIDENCE_LIMITED
django__django-14997,2026-09-20T09:40:49.374388+00:00,17,231426,a9405c7671919d575973d0546afc4d76f92af4e21156e1aa27cd3d45187f1f86,0156afc9603fb966bc32ef159362416730fc5c0777c7f613b98ad38ff954f5be,0156afc9603fb966bc32ef159362416730fc5c0777c7f613b98ad38ff954f5be,EVIDENCE_LIMITED,11,129432,94a62931eba451dd7db21426d59d7c55a80122ecf5efa31e84ad7cb9abbe7884,0156afc9603fb966bc32ef159362416730fc5c0777c7f613b98ad38ff954f5be,0156afc9603fb966bc32ef159362416730fc5c0777c7f613b98ad38ff954f5be,EVIDENCE_LIMITED
django__django-14667,2026-09-20T09:41:30.544114+00:00,20,259365,87ae876341eb0c237b4c5d5dacdb5d79925f89570384d38a855e857066a7cc9f,f7fa7deaf17648c2a2a57e5617ee8bc45b16d38aba85b892a01eae80dbe50ab1,f7fa7deaf17648c2a2a57e5617ee8bc45b16d38aba85b892a01eae80dbe50ab1,BEST_EFFORT_BUDGET_EXHAUSTED,14,173014,49ba1de6046e70c46356a65ea8bd57277b61b9e03cfbf22576ad4cce7dc30f27,9e3dbb493304aebd16902c9b7d1901ab7ec635f3a04098fa9f0fcfc042673839,9e3dbb493304aebd16902c9b7d1901ab7ec635f3a04098fa9f0fcfc042673839,BEST_EFFORT_BUDGET_EXHAUSTED
